{
  "last_run": "2026-03-09T14:10:43.218562",
  "stats": {
    "total": 117,
    "completed": 1,
    "failed": 0,
    "skipped": 90
  },
  "completed": [
    "FIL-PRO-2023/00482"
  ],
  "failed": [],
  "skipped": [
    "006800.000122/2026-12",
    "006800.000202/2026-60",
    "001200000021/2025-06",
    "006800.000136/2026-28",
    "006800.000105/2026-77",
    "006800.000354/2026-62",
    "006800.000350/2026-84",
    "006800.000053/2026-39",
    "CET-PRO-2025/01028",
    "TUR-PRO-2025/01221",
    "006800.000327/2026-90",
    "006800.000096/2026-14",
    "006800.000197/2026-95",
    "TUR-PRO-2025/01233",
    "006800.000295/2026-22",
    "006800.000124/2026-01",
    "000700.000845/2026-55",
    "006800.000343/2026-82",
    "006800.000294/2026-88",
    "TUR-PRO-2025/01234",
    "000184.000478/2026-76",
    "TUR-PRO-2025/01229",
    "TUR-PRO-2025/01230",
    "006800.000045/2026-92",
    "006800.000209/2026-81",
    "006800.000338/2026-70",
    "006800.000161/2026-10",
    "006800.000187/2026-50",
    "000184.000502/2026-77",
    "006800.000311/2026-87",
    "006800.000180/2026-38",
    "006800.000199/2026-84",
    "006800.000312/2026-21",
    "006800.000184/2026-16",
    "006800.000325/2026-09",
    "006800.000270/2026-29",
    "006800.000305/2026-20",
    "006800.000274/2026-15",
    "006800.000276/2026-04",
    "TUR-PRO-2025/01256",
    "CET-PRO-2025/02888",
    "006800.000323/2026-10",
    "006800.000152/2026-11",
    "006800.000106/2026-11",
    "006800.000211/2026-51",
    "TUR-PRO-2025/01235",
    "006800.000310/2026-32",
    "006800.000178/2026-69",
    "TUR-PRO-2025/01222",
    "006800.000273/2026-62",
    "006800.000307/2026-19",
    "006800.000227/2026-63",
    "TUR-PRO-2025/01215",
    "TUR-PRO-2025/01219",
    "006800.000334/2026-91",
    "006800.000271/2026-73",
    "TUR-PRO-2025/01225",
    "006800.000177/2026-14",
    "006800.000213/2026-40",
    "TRA-PRO-2025/00286",
    "000184.000037/2026-74",
    "SME-PRO-2025/61739",
    "12/500.078/2021",
    "006800.000326/2026-45",
    "000184.000137/2026-09",
    "006800.000127/2026-37",
    "TUR-PRO-2025/01232",
    "TUR-PRO-2025/01218",
    "006800.000324/2026-56",
    "006800.000164/2026-45",
    "000184.000082/2026-29",
    "006800.000257/2026-70",
    "006800.000272/2026-18",
    "006800.000335/2026-36",
    "006300.000004/2026-37",
    "006800.000330/2026-11",
    "006800.000309/2026-16",
    "006800.000055/2026-28",
    "006800.000306/2026-74",
    "000700.000325/2025-61",
    "006800.000331/2026-58",
    "006800.000285/2026-97",
    "006800.000329/2026-89",
    "006800.000185/2026-61",
    "006800.000328/2026-34",
    "006800.000200/2026-71",
    "006800.000097/2026-69",
    "006800.000269/2026-02",
    "001200.000596/2026-00",
    "001200.000602/2026-11"
  ]
}